ESZOPICLONE	ZAFIRLUKAST	CYP3A4	PKI-1	fourth-tier
ZALEPLON	ZAFIRLUKAST	CYP3A4	PKI-1	fourth-tier
ZOLPIDEM	ZAFIRLUKAST	CYP3A4	PKI-1	fourth-tier
ESZOPICLONE	VORICONAZOLE-N-OXIDE	CYP3A4	PKI-1	fourth-tier
ZALEPLON	VORICONAZOLE-N-OXIDE	CYP3A4	PKI-1	fourth-tier
ZOLPIDEM	VORICONAZOLE-N-OXIDE	CYP3A4	PKI-1	fourth-tier
ESZOPICLONE	VORICONAZOLE	CYP3A4	PKI-1	fourth-tier
ZALEPLON	VORICONAZOLE	CYP3A4	PKI-1	fourth-tier
ZOLPIDEM	VORICONAZOLE	CYP3A4	PKI-1	fourth-tier
ZOLPIDEM	VERAPAMIL	CYP3A5	PKI-1	fourth-tier
ESZOPICLONE	VERAPAMIL	CYP3A4	PKI-1	fourth-tier
ZALEPLON	VERAPAMIL	CYP3A4	PKI-1	fourth-tier
ZOLPIDEM	VERAPAMIL	CYP3A4	PKI-1	fourth-tier
ZOLPIDEM	TELITHROMYCIN	CYP3A5	PKI-1	fourth-tier
ESZOPICLONE	TELITHROMYCIN	CYP3A4	PKI-1	fourth-tier
ZALEPLON	TELITHROMYCIN	CYP3A4	PKI-1	fourth-tier
ZOLPIDEM	TELITHROMYCIN	CYP3A4	PKI-1	fourth-tier
ZOLPIDEM	RITONAVIR	CYP3A5	PKI-1	fourth-tier
ESZOPICLONE	RITONAVIR	CYP3A4	PKI-1	fourth-tier
ZALEPLON	RITONAVIR	CYP3A4	PKI-1	fourth-tier
ZOLPIDEM	RITONAVIR	CYP3A4	PKI-1	fourth-tier
ZOLPIDEM	RANOLAZINE	CYP3A5	PKI-1	fourth-tier
ESZOPICLONE	RANOLAZINE	CYP3A4	PKI-1	fourth-tier
ZALEPLON	RANOLAZINE	CYP3A4	PKI-1	fourth-tier
ZOLPIDEM	RANOLAZINE	CYP3A4	PKI-1	fourth-tier
ZOLPIDEM	NEFAZODONE	CYP3A5	PKI-1	fourth-tier
ESZOPICLONE	NEFAZODONE	CYP3A4	PKI-1	fourth-tier
ZALEPLON	NEFAZODONE	CYP3A4	PKI-1	fourth-tier
ZOLPIDEM	NEFAZODONE	CYP3A4	PKI-1	fourth-tier
ESZOPICLONE	KETOCONAZOLE	CYP3A4	PKI-1	fourth-tier
ZALEPLON	KETOCONAZOLE	CYP3A4	PKI-1	fourth-tier
ZOLPIDEM	KETOCONAZOLE	CYP3A4	PKI-1	fourth-tier
ESZOPICLONE	ITRACONAZOLE	CYP3A4	PKI-1	fourth-tier
ZALEPLON	ITRACONAZOLE	CYP3A4	PKI-1	fourth-tier
ZOLPIDEM	ITRACONAZOLE	CYP3A4	PKI-1	fourth-tier
ZOLPIDEM	INDINAVIR	CYP3A5	PKI-1	fourth-tier
ESZOPICLONE	INDINAVIR	CYP3A4	PKI-1	fourth-tier
ZALEPLON	INDINAVIR	CYP3A4	PKI-1	fourth-tier
ZOLPIDEM	INDINAVIR	CYP3A4	PKI-1	fourth-tier
ZOLPIDEM	FLUCONAZOLE	CYP3A5	PKI-1	fourth-tier
ESZOPICLONE	FLUCONAZOLE	CYP3A4	PKI-1	fourth-tier
ZALEPLON	FLUCONAZOLE	CYP3A4	PKI-1	fourth-tier
ZOLPIDEM	FLUCONAZOLE	CYP3A4	PKI-1	fourth-tier
ESZOPICLONE	ERYTHROMYCIN	CYP3A4	PKI-1	fourth-tier
ZALEPLON	ERYTHROMYCIN	CYP3A4	PKI-1	fourth-tier
ZOLPIDEM	ERYTHROMYCIN	CYP3A4	PKI-1	fourth-tier
ESZOPICLONE	DILTIAZEM	CYP3A4	PKI-1	fourth-tier
ZALEPLON	DILTIAZEM	CYP3A4	PKI-1	fourth-tier
ZOLPIDEM	DILTIAZEM	CYP3A4	PKI-1	fourth-tier
ZOLPIDEM	CLARITHROMYCIN	CYP3A5	PKI-1	fourth-tier
ESZOPICLONE	CLARITHROMYCIN	CYP3A4	PKI-1	fourth-tier
ZALEPLON	CLARITHROMYCIN	CYP3A4	PKI-1	fourth-tier
ZOLPIDEM	CLARITHROMYCIN	CYP3A4	PKI-1	fourth-tier
ZOLPIDEM	CIMETIDINE	CYP3A5	PKI-1	fourth-tier
ESZOPICLONE	CIMETIDINE	CYP3A4	PKI-1	fourth-tier
ZALEPLON	CIMETIDINE	CYP3A4	PKI-1	fourth-tier
ZOLPIDEM	CIMETIDINE	CYP3A4	PKI-1	fourth-tier
ESZOPICLONE	ATORVASTATIN	CYP3A4	PKI-1	fourth-tier
ZALEPLON	ATORVASTATIN	CYP3A4	PKI-1	fourth-tier
ZOLPIDEM	ATORVASTATIN	CYP3A4	PKI-1	fourth-tier
ZOLPIDEM	ATAZANAVIR	CYP3A5	PKI-1	fourth-tier
ESZOPICLONE	ATAZANAVIR	CYP3A4	PKI-1	fourth-tier
ZALEPLON	ATAZANAVIR	CYP3A4	PKI-1	fourth-tier
ZOLPIDEM	ATAZANAVIR	CYP3A4	PKI-1	fourth-tier
ESZOPICLONE	AMIODARONE	CYP3A4	PKI-1	fourth-tier
ZALEPLON	AMIODARONE	CYP3A4	PKI-1	fourth-tier
ZOLPIDEM	AMIODARONE	CYP3A4	PKI-1	fourth-tier
R-CITALOPRAM	ZAFIRLUKAST	CYP3A4	PKI-1	fourth-tier
ESCITALOPRAM	ZAFIRLUKAST	CYP3A4	PKI-1	fourth-tier
MIRTAZAPINE	ZAFIRLUKAST	CYP3A4	PKI-1	fourth-tier
NEFAZODONE	ZAFIRLUKAST	CYP3A4	PKI-1	fourth-tier
TRAZODONE	ZAFIRLUKAST	CYP3A4	PKI-1	fourth-tier
VENLAFAXINE	ZAFIRLUKAST	CYP3A4	PKI-1	fourth-tier
R-CITALOPRAM	VORICONAZOLE-N-OXIDE	CYP3A4	PKI-1	fourth-tier
ESCITALOPRAM	VORICONAZOLE-N-OXIDE	CYP3A4	PKI-1	fourth-tier
MIRTAZAPINE	VORICONAZOLE-N-OXIDE	CYP3A4	PKI-1	fourth-tier
NEFAZODONE	VORICONAZOLE-N-OXIDE	CYP3A4	PKI-1	fourth-tier
TRAZODONE	VORICONAZOLE-N-OXIDE	CYP3A4	PKI-1	fourth-tier
VENLAFAXINE	VORICONAZOLE-N-OXIDE	CYP3A4	PKI-1	fourth-tier
CITALOPRAM	VORICONAZOLE-N-OXIDE	CYP2C19	PKI-1	fourth-tier
SERTRALINE	VORICONAZOLE-N-OXIDE	CYP2C19	PKI-1	fourth-tier
R-CITALOPRAM	VORICONAZOLE	CYP3A4	PKI-1	fourth-tier
ESCITALOPRAM	VORICONAZOLE	CYP3A4	PKI-1	fourth-tier
MIRTAZAPINE	VORICONAZOLE	CYP3A4	PKI-1	fourth-tier
NEFAZODONE	VORICONAZOLE	CYP3A4	PKI-1	fourth-tier
TRAZODONE	VORICONAZOLE	CYP3A4	PKI-1	fourth-tier
VENLAFAXINE	VORICONAZOLE	CYP3A4	PKI-1	fourth-tier
CITALOPRAM	VORICONAZOLE	CYP2C19	PKI-1	fourth-tier
SERTRALINE	VORICONAZOLE	CYP2C19	PKI-1	fourth-tier
MIRTAZAPINE	VERAPAMIL	CYP3A5	PKI-1	fourth-tier
R-CITALOPRAM	VERAPAMIL	CYP3A4	PKI-1	fourth-tier
ESCITALOPRAM	VERAPAMIL	CYP3A4	PKI-1	fourth-tier
MIRTAZAPINE	VERAPAMIL	CYP3A4	PKI-1	fourth-tier
NEFAZODONE	VERAPAMIL	CYP3A4	PKI-1	fourth-tier
TRAZODONE	VERAPAMIL	CYP3A4	PKI-1	fourth-tier
VENLAFAXINE	VERAPAMIL	CYP3A4	PKI-1	fourth-tier
DULOXETINE	VERAPAMIL	CYP1A2	PKI-1	fourth-tier
MIRTAZAPINE	VERAPAMIL	CYP1A2	PKI-1	fourth-tier
R-CITALOPRAM	VENLAFAXINE	CYP2D6	PKI-1	fourth-tier
DULOXETINE	VENLAFAXINE	CYP2D6	PKI-1	fourth-tier
ESCITALOPRAM	VENLAFAXINE	CYP2D6	PKI-1	fourth-tier
FLUOXETINE	VENLAFAXINE	CYP2D6	PKI-1	fourth-tier
FLUVOXAMINE	VENLAFAXINE	CYP2D6	PKI-1	fourth-tier
MIRTAZAPINE	VENLAFAXINE	CYP2D6	PKI-1	fourth-tier
PAROXETINE	VENLAFAXINE	CYP2D6	PKI-1	fourth-tier
R-CITALOPRAM	TERBINAFINE	CYP2D6	PKI-1	fourth-tier
DULOXETINE	TERBINAFINE	CYP2D6	PKI-1	fourth-tier
ESCITALOPRAM	TERBINAFINE	CYP2D6	PKI-1	fourth-tier
FLUOXETINE	TERBINAFINE	CYP2D6	PKI-1	fourth-tier
FLUVOXAMINE	TERBINAFINE	CYP2D6	PKI-1	fourth-tier
MIRTAZAPINE	TERBINAFINE	CYP2D6	PKI-1	fourth-tier
PAROXETINE	TERBINAFINE	CYP2D6	PKI-1	fourth-tier
VENLAFAXINE	TERBINAFINE	CYP2D6	PKI-1	fourth-tier
MIRTAZAPINE	TELITHROMYCIN	CYP3A5	PKI-1	fourth-tier
R-CITALOPRAM	TELITHROMYCIN	CYP3A4	PKI-1	fourth-tier
ESCITALOPRAM	TELITHROMYCIN	CYP3A4	PKI-1	fourth-tier
MIRTAZAPINE	TELITHROMYCIN	CYP3A4	PKI-1	fourth-tier
NEFAZODONE	TELITHROMYCIN	CYP3A4	PKI-1	fourth-tier
TRAZODONE	TELITHROMYCIN	CYP3A4	PKI-1	fourth-tier
VENLAFAXINE	TELITHROMYCIN	CYP3A4	PKI-1	fourth-tier
R-CITALOPRAM	SERTRALINE	CYP2D6	PKI-1	fourth-tier
DULOXETINE	SERTRALINE	CYP2D6	PKI-1	fourth-tier
ESCITALOPRAM	SERTRALINE	CYP2D6	PKI-1	fourth-tier
FLUOXETINE	SERTRALINE	CYP2D6	PKI-1	fourth-tier
FLUVOXAMINE	SERTRALINE	CYP2D6	PKI-1	fourth-tier
MIRTAZAPINE	SERTRALINE	CYP2D6	PKI-1	fourth-tier
PAROXETINE	SERTRALINE	CYP2D6	PKI-1	fourth-tier
VENLAFAXINE	SERTRALINE	CYP2D6	PKI-1	fourth-tier
MIRTAZAPINE	RITONAVIR	CYP3A5	PKI-1	fourth-tier
R-CITALOPRAM	RITONAVIR	CYP3A4	PKI-1	fourth-tier
ESCITALOPRAM	RITONAVIR	CYP3A4	PKI-1	fourth-tier
MIRTAZAPINE	RITONAVIR	CYP3A4	PKI-1	fourth-tier
NEFAZODONE	RITONAVIR	CYP3A4	PKI-1	fourth-tier
TRAZODONE	RITONAVIR	CYP3A4	PKI-1	fourth-tier
VENLAFAXINE	RITONAVIR	CYP3A4	PKI-1	fourth-tier
R-CITALOPRAM	RITONAVIR	CYP2D6	PKI-1	fourth-tier
DULOXETINE	RITONAVIR	CYP2D6	PKI-1	fourth-tier
ESCITALOPRAM	RITONAVIR	CYP2D6	PKI-1	fourth-tier
FLUOXETINE	RITONAVIR	CYP2D6	PKI-1	fourth-tier
FLUVOXAMINE	RITONAVIR	CYP2D6	PKI-1	fourth-tier
MIRTAZAPINE	RITONAVIR	CYP2D6	PKI-1	fourth-tier
PAROXETINE	RITONAVIR	CYP2D6	PKI-1	fourth-tier
VENLAFAXINE	RITONAVIR	CYP2D6	PKI-1	fourth-tier
MIRTAZAPINE	RANOLAZINE	CYP3A5	PKI-1	fourth-tier
R-CITALOPRAM	RANOLAZINE	CYP3A4	PKI-1	fourth-tier
ESCITALOPRAM	RANOLAZINE	CYP3A4	PKI-1	fourth-tier
MIRTAZAPINE	RANOLAZINE	CYP3A4	PKI-1	fourth-tier
NEFAZODONE	RANOLAZINE	CYP3A4	PKI-1	fourth-tier
TRAZODONE	RANOLAZINE	CYP3A4	PKI-1	fourth-tier
VENLAFAXINE	RANOLAZINE	CYP3A4	PKI-1	fourth-tier
R-CITALOPRAM	RANOLAZINE	CYP2D6	PKI-1	fourth-tier
DULOXETINE	RANOLAZINE	CYP2D6	PKI-1	fourth-tier
ESCITALOPRAM	RANOLAZINE	CYP2D6	PKI-1	fourth-tier
FLUOXETINE	RANOLAZINE	CYP2D6	PKI-1	fourth-tier
FLUVOXAMINE	RANOLAZINE	CYP2D6	PKI-1	fourth-tier
MIRTAZAPINE	RANOLAZINE	CYP2D6	PKI-1	fourth-tier
PAROXETINE	RANOLAZINE	CYP2D6	PKI-1	fourth-tier
VENLAFAXINE	RANOLAZINE	CYP2D6	PKI-1	fourth-tier
R-CITALOPRAM	QUINIDINE	CYP2D6	PKI-1	fourth-tier
DULOXETINE	QUINIDINE	CYP2D6	PKI-1	fourth-tier
ESCITALOPRAM	QUINIDINE	CYP2D6	PKI-1	fourth-tier
FLUOXETINE	QUINIDINE	CYP2D6	PKI-1	fourth-tier
FLUVOXAMINE	QUINIDINE	CYP2D6	PKI-1	fourth-tier
MIRTAZAPINE	QUINIDINE	CYP2D6	PKI-1	fourth-tier
PAROXETINE	QUINIDINE	CYP2D6	PKI-1	fourth-tier
VENLAFAXINE	QUINIDINE	CYP2D6	PKI-1	fourth-tier
DULOXETINE	PROPAFENONE	CYP1A2	PKI-1	fourth-tier
MIRTAZAPINE	PROPAFENONE	CYP1A2	PKI-1	fourth-tier
R-CITALOPRAM	PAROXETINE	CYP2D6	PKI-1	fourth-tier
DULOXETINE	PAROXETINE	CYP2D6	PKI-1	fourth-tier
ESCITALOPRAM	PAROXETINE	CYP2D6	PKI-1	fourth-tier
FLUOXETINE	PAROXETINE	CYP2D6	PKI-1	fourth-tier
FLUVOXAMINE	PAROXETINE	CYP2D6	PKI-1	fourth-tier
MIRTAZAPINE	PAROXETINE	CYP2D6	PKI-1	fourth-tier
VENLAFAXINE	PAROXETINE	CYP2D6	PKI-1	fourth-tier
CITALOPRAM	OMEPRAZOLE	CYP2C19	PKI-1	fourth-tier
SERTRALINE	OMEPRAZOLE	CYP2C19	PKI-1	fourth-tier
DULOXETINE	NORFLOXACIN	CYP1A2	PKI-1	fourth-tier
MIRTAZAPINE	NORFLOXACIN	CYP1A2	PKI-1	fourth-tier
MIRTAZAPINE	NEFAZODONE	CYP3A5	PKI-1	fourth-tier
R-CITALOPRAM	NEFAZODONE	CYP3A4	PKI-1	fourth-tier
ESCITALOPRAM	NEFAZODONE	CYP3A4	PKI-1	fourth-tier
MIRTAZAPINE	NEFAZODONE	CYP3A4	PKI-1	fourth-tier
TRAZODONE	NEFAZODONE	CYP3A4	PKI-1	fourth-tier
VENLAFAXINE	NEFAZODONE	CYP3A4	PKI-1	fourth-tier
CITALOPRAM	MODAFINIL-SULFONE	CYP2C19	PKI-1	fourth-tier
SERTRALINE	MODAFINIL-SULFONE	CYP2C19	PKI-1	fourth-tier
CITALOPRAM	MODAFINIL	CYP2C19	PKI-1	fourth-tier
SERTRALINE	MODAFINIL	CYP2C19	PKI-1	fourth-tier
DULOXETINE	MEXILETINE	CYP1A2	PKI-1	fourth-tier
MIRTAZAPINE	MEXILETINE	CYP1A2	PKI-1	fourth-tier
R-CITALOPRAM	KETOCONAZOLE	CYP3A4	PKI-1	fourth-tier
ESCITALOPRAM	KETOCONAZOLE	CYP3A4	PKI-1	fourth-tier
MIRTAZAPINE	KETOCONAZOLE	CYP3A4	PKI-1	fourth-tier
NEFAZODONE	KETOCONAZOLE	CYP3A4	PKI-1	fourth-tier
TRAZODONE	KETOCONAZOLE	CYP3A4	PKI-1	fourth-tier
VENLAFAXINE	KETOCONAZOLE	CYP3A4	PKI-1	fourth-tier
R-CITALOPRAM	ITRACONAZOLE	CYP3A4	PKI-1	fourth-tier
ESCITALOPRAM	ITRACONAZOLE	CYP3A4	PKI-1	fourth-tier
MIRTAZAPINE	ITRACONAZOLE	CYP3A4	PKI-1	fourth-tier
NEFAZODONE	ITRACONAZOLE	CYP3A4	PKI-1	fourth-tier
TRAZODONE	ITRACONAZOLE	CYP3A4	PKI-1	fourth-tier
VENLAFAXINE	ITRACONAZOLE	CYP3A4	PKI-1	fourth-tier
MIRTAZAPINE	INDINAVIR	CYP3A5	PKI-1	fourth-tier
R-CITALOPRAM	INDINAVIR	CYP3A4	PKI-1	fourth-tier
ESCITALOPRAM	INDINAVIR	CYP3A4	PKI-1	fourth-tier
MIRTAZAPINE	INDINAVIR	CYP3A4	PKI-1	fourth-tier
NEFAZODONE	INDINAVIR	CYP3A4	PKI-1	fourth-tier
TRAZODONE	INDINAVIR	CYP3A4	PKI-1	fourth-tier
VENLAFAXINE	INDINAVIR	CYP3A4	PKI-1	fourth-tier
R-CITALOPRAM	ILOPERIDONE	CYP2D6	PKI-1	fourth-tier
DULOXETINE	ILOPERIDONE	CYP2D6	PKI-1	fourth-tier
ESCITALOPRAM	ILOPERIDONE	CYP2D6	PKI-1	fourth-tier
FLUOXETINE	ILOPERIDONE	CYP2D6	PKI-1	fourth-tier
FLUVOXAMINE	ILOPERIDONE	CYP2D6	PKI-1	fourth-tier
MIRTAZAPINE	ILOPERIDONE	CYP2D6	PKI-1	fourth-tier
PAROXETINE	ILOPERIDONE	CYP2D6	PKI-1	fourth-tier
VENLAFAXINE	ILOPERIDONE	CYP2D6	PKI-1	fourth-tier
CITALOPRAM	FLUVOXAMINE	CYP2C19	PKI-1	fourth-tier
SERTRALINE	FLUVOXAMINE	CYP2C19	PKI-1	fourth-tier
DULOXETINE	FLUVOXAMINE	CYP1A2	PKI-1	fourth-tier
MIRTAZAPINE	FLUVOXAMINE	CYP1A2	PKI-1	fourth-tier
R-CITALOPRAM	FLUOXETINE	CYP2D6	PKI-1	fourth-tier
DULOXETINE	FLUOXETINE	CYP2D6	PKI-1	fourth-tier
ESCITALOPRAM	FLUOXETINE	CYP2D6	PKI-1	fourth-tier
FLUVOXAMINE	FLUOXETINE	CYP2D6	PKI-1	fourth-tier
MIRTAZAPINE	FLUOXETINE	CYP2D6	PKI-1	fourth-tier
PAROXETINE	FLUOXETINE	CYP2D6	PKI-1	fourth-tier
VENLAFAXINE	FLUOXETINE	CYP2D6	PKI-1	fourth-tier
MIRTAZAPINE	FLUCONAZOLE	CYP3A5	PKI-1	fourth-tier
R-CITALOPRAM	FLUCONAZOLE	CYP3A4	PKI-1	fourth-tier
ESCITALOPRAM	FLUCONAZOLE	CYP3A4	PKI-1	fourth-tier
MIRTAZAPINE	FLUCONAZOLE	CYP3A4	PKI-1	fourth-tier
NEFAZODONE	FLUCONAZOLE	CYP3A4	PKI-1	fourth-tier
TRAZODONE	FLUCONAZOLE	CYP3A4	PKI-1	fourth-tier
VENLAFAXINE	FLUCONAZOLE	CYP3A4	PKI-1	fourth-tier
R-CITALOPRAM	ERYTHROMYCIN	CYP3A4	PKI-1	fourth-tier
ESCITALOPRAM	ERYTHROMYCIN	CYP3A4	PKI-1	fourth-tier
MIRTAZAPINE	ERYTHROMYCIN	CYP3A4	PKI-1	fourth-tier
NEFAZODONE	ERYTHROMYCIN	CYP3A4	PKI-1	fourth-tier
TRAZODONE	ERYTHROMYCIN	CYP3A4	PKI-1	fourth-tier
VENLAFAXINE	ERYTHROMYCIN	CYP3A4	PKI-1	fourth-tier
R-CITALOPRAM	DULOXETINE	CYP2D6	PKI-1	fourth-tier
ESCITALOPRAM	DULOXETINE	CYP2D6	PKI-1	fourth-tier
FLUOXETINE	DULOXETINE	CYP2D6	PKI-1	fourth-tier
FLUVOXAMINE	DULOXETINE	CYP2D6	PKI-1	fourth-tier
MIRTAZAPINE	DULOXETINE	CYP2D6	PKI-1	fourth-tier
PAROXETINE	DULOXETINE	CYP2D6	PKI-1	fourth-tier
VENLAFAXINE	DULOXETINE	CYP2D6	PKI-1	fourth-tier
R-CITALOPRAM	DILTIAZEM	CYP3A4	PKI-1	fourth-tier
ESCITALOPRAM	DILTIAZEM	CYP3A4	PKI-1	fourth-tier
MIRTAZAPINE	DILTIAZEM	CYP3A4	PKI-1	fourth-tier
NEFAZODONE	DILTIAZEM	CYP3A4	PKI-1	fourth-tier
TRAZODONE	DILTIAZEM	CYP3A4	PKI-1	fourth-tier
VENLAFAXINE	DILTIAZEM	CYP3A4	PKI-1	fourth-tier
MIRTAZAPINE	CLARITHROMYCIN	CYP3A5	PKI-1	fourth-tier
R-CITALOPRAM	CLARITHROMYCIN	CYP3A4	PKI-1	fourth-tier
ESCITALOPRAM	CLARITHROMYCIN	CYP3A4	PKI-1	fourth-tier
MIRTAZAPINE	CLARITHROMYCIN	CYP3A4	PKI-1	fourth-tier
NEFAZODONE	CLARITHROMYCIN	CYP3A4	PKI-1	fourth-tier
TRAZODONE	CLARITHROMYCIN	CYP3A4	PKI-1	fourth-tier
VENLAFAXINE	CLARITHROMYCIN	CYP3A4	PKI-1	fourth-tier
DULOXETINE	CIPROFLOXACIN	CYP1A2	PKI-1	fourth-tier
MIRTAZAPINE	CIPROFLOXACIN	CYP1A2	PKI-1	fourth-tier
DESIPRAMINE	VENLAFAXINE	CYP2D6	PKI-1	fourth-tier
DESIPRAMINE	TERBINAFINE	CYP2D6	PKI-1	fourth-tier
DESIPRAMINE	SERTRALINE	CYP2D6	PKI-1	fourth-tier
DESIPRAMINE	RITONAVIR	CYP2D6	PKI-1	fourth-tier
DESIPRAMINE	RANOLAZINE	CYP2D6	PKI-1	fourth-tier
DESIPRAMINE	QUINIDINE	CYP2D6	PKI-1	fourth-tier
DESIPRAMINE	PAROXETINE	CYP2D6	PKI-1	fourth-tier
DESIPRAMINE	ILOPERIDONE	CYP2D6	PKI-1	fourth-tier
DESIPRAMINE	FLUOXETINE	CYP2D6	PKI-1	fourth-tier
DESIPRAMINE	DULOXETINE	CYP2D6	PKI-1	fourth-tier
R-CITALOPRAM	CINACALCET	CYP2D6	PKI-1	fourth-tier
DULOXETINE	CINACALCET	CYP2D6	PKI-1	fourth-tier
ESCITALOPRAM	CINACALCET	CYP2D6	PKI-1	fourth-tier
FLUOXETINE	CINACALCET	CYP2D6	PKI-1	fourth-tier
FLUVOXAMINE	CINACALCET	CYP2D6	PKI-1	fourth-tier
MIRTAZAPINE	CINACALCET	CYP2D6	PKI-1	fourth-tier
PAROXETINE	CINACALCET	CYP2D6	PKI-1	fourth-tier
VENLAFAXINE	CINACALCET	CYP2D6	PKI-1	fourth-tier
DESIPRAMINE	CINACALCET	CYP2D6	PKI-1	fourth-tier
MIRTAZAPINE	CIMETIDINE	CYP3A5	PKI-1	fourth-tier
R-CITALOPRAM	CIMETIDINE	CYP3A4	PKI-1	fourth-tier
ESCITALOPRAM	CIMETIDINE	CYP3A4	PKI-1	fourth-tier
MIRTAZAPINE	CIMETIDINE	CYP3A4	PKI-1	fourth-tier
NEFAZODONE	CIMETIDINE	CYP3A4	PKI-1	fourth-tier
TRAZODONE	CIMETIDINE	CYP3A4	PKI-1	fourth-tier
VENLAFAXINE	CIMETIDINE	CYP3A4	PKI-1	fourth-tier
DULOXETINE	CIMETIDINE	CYP1A2	PKI-1	fourth-tier
MIRTAZAPINE	CIMETIDINE	CYP1A2	PKI-1	fourth-tier
R-CITALOPRAM	BUPROPION	CYP2D6	PKI-1	fourth-tier
DULOXETINE	BUPROPION	CYP2D6	PKI-1	fourth-tier
ESCITALOPRAM	BUPROPION	CYP2D6	PKI-1	fourth-tier
FLUOXETINE	BUPROPION	CYP2D6	PKI-1	fourth-tier
FLUVOXAMINE	BUPROPION	CYP2D6	PKI-1	fourth-tier
MIRTAZAPINE	BUPROPION	CYP2D6	PKI-1	fourth-tier
PAROXETINE	BUPROPION	CYP2D6	PKI-1	fourth-tier
VENLAFAXINE	BUPROPION	CYP2D6	PKI-1	fourth-tier
DESIPRAMINE	BUPROPION	CYP2D6	PKI-1	fourth-tier
R-CITALOPRAM	ATORVASTATIN	CYP3A4	PKI-1	fourth-tier
ESCITALOPRAM	ATORVASTATIN	CYP3A4	PKI-1	fourth-tier
MIRTAZAPINE	ATORVASTATIN	CYP3A4	PKI-1	fourth-tier
NEFAZODONE	ATORVASTATIN	CYP3A4	PKI-1	fourth-tier
TRAZODONE	ATORVASTATIN	CYP3A4	PKI-1	fourth-tier
VENLAFAXINE	ATORVASTATIN	CYP3A4	PKI-1	fourth-tier
MIRTAZAPINE	ATAZANAVIR	CYP3A5	PKI-1	fourth-tier
R-CITALOPRAM	ATAZANAVIR	CYP3A4	PKI-1	fourth-tier
ESCITALOPRAM	ATAZANAVIR	CYP3A4	PKI-1	fourth-tier
MIRTAZAPINE	ATAZANAVIR	CYP3A4	PKI-1	fourth-tier
NEFAZODONE	ATAZANAVIR	CYP3A4	PKI-1	fourth-tier
TRAZODONE	ATAZANAVIR	CYP3A4	PKI-1	fourth-tier
VENLAFAXINE	ATAZANAVIR	CYP3A4	PKI-1	fourth-tier
R-CITALOPRAM	AMIODARONE	CYP3A4	PKI-1	fourth-tier
ESCITALOPRAM	AMIODARONE	CYP3A4	PKI-1	fourth-tier
MIRTAZAPINE	AMIODARONE	CYP3A4	PKI-1	fourth-tier
NEFAZODONE	AMIODARONE	CYP3A4	PKI-1	fourth-tier
TRAZODONE	AMIODARONE	CYP3A4	PKI-1	fourth-tier
VENLAFAXINE	AMIODARONE	CYP3A4	PKI-1	fourth-tier
R-CITALOPRAM	AMIODARONE	CYP2D6	PKI-1	fourth-tier
DULOXETINE	AMIODARONE	CYP2D6	PKI-1	fourth-tier
ESCITALOPRAM	AMIODARONE	CYP2D6	PKI-1	fourth-tier
FLUOXETINE	AMIODARONE	CYP2D6	PKI-1	fourth-tier
FLUVOXAMINE	AMIODARONE	CYP2D6	PKI-1	fourth-tier
MIRTAZAPINE	AMIODARONE	CYP2D6	PKI-1	fourth-tier
PAROXETINE	AMIODARONE	CYP2D6	PKI-1	fourth-tier
VENLAFAXINE	AMIODARONE	CYP2D6	PKI-1	fourth-tier
DESIPRAMINE	AMIODARONE	CYP2D6	PKI-1	fourth-tier
DULOXETINE	AMIODARONE	CYP1A2	PKI-1	fourth-tier
MIRTAZAPINE	AMIODARONE	CYP1A2	PKI-1	fourth-tier
ATORVASTATIN	ZAFIRLUKAST	CYP3A4	PKI-1	fourth-tier
FLUVASTATIN	ZAFIRLUKAST	CYP3A4	PKI-1	fourth-tier
LOVASTATIN	ZAFIRLUKAST	CYP3A4	PKI-1	fourth-tier
SIMVASTATIN	ZAFIRLUKAST	CYP3A4	PKI-1	fourth-tier
FLUVASTATIN	ZAFIRLUKAST	CYP2C9	PKI-1	fourth-tier
ATORVASTATIN	VORICONAZOLE-N-OXIDE	CYP3A4	PKI-1	fourth-tier
FLUVASTATIN	VORICONAZOLE-N-OXIDE	CYP3A4	PKI-1	fourth-tier
LOVASTATIN	VORICONAZOLE-N-OXIDE	CYP3A4	PKI-1	fourth-tier
SIMVASTATIN	VORICONAZOLE-N-OXIDE	CYP3A4	PKI-1	fourth-tier
FLUVASTATIN	VORICONAZOLE-N-OXIDE	CYP2C9	PKI-1	fourth-tier
ATORVASTATIN	VORICONAZOLE	CYP3A4	PKI-1	fourth-tier
FLUVASTATIN	VORICONAZOLE	CYP3A4	PKI-1	fourth-tier
LOVASTATIN	VORICONAZOLE	CYP3A4	PKI-1	fourth-tier
SIMVASTATIN	VORICONAZOLE	CYP3A4	PKI-1	fourth-tier
FLUVASTATIN	VORICONAZOLE	CYP2C9	PKI-1	fourth-tier
ATORVASTATIN	VERAPAMIL	CYP3A4	PKI-1	fourth-tier
FLUVASTATIN	VERAPAMIL	CYP3A4	PKI-1	fourth-tier
LOVASTATIN	VERAPAMIL	CYP3A4	PKI-1	fourth-tier
SIMVASTATIN	VERAPAMIL	CYP3A4	PKI-1	fourth-tier
FLUVASTATIN	TRIMETHOPRIM	CYP2C8	PKI-1	fourth-tier
FLUVASTATIN	TERIFLUNOMIDE	CYP2C9	PKI-1	fourth-tier
ATORVASTATIN	TELITHROMYCIN	CYP3A4	PKI-1	fourth-tier
FLUVASTATIN	TELITHROMYCIN	CYP3A4	PKI-1	fourth-tier
LOVASTATIN	TELITHROMYCIN	CYP3A4	PKI-1	fourth-tier
SIMVASTATIN	TELITHROMYCIN	CYP3A4	PKI-1	fourth-tier
ATORVASTATIN	RITONAVIR	CYP3A4	PKI-1	fourth-tier
FLUVASTATIN	RITONAVIR	CYP3A4	PKI-1	fourth-tier
LOVASTATIN	RITONAVIR	CYP3A4	PKI-1	fourth-tier
SIMVASTATIN	RITONAVIR	CYP3A4	PKI-1	fourth-tier
ATORVASTATIN	RANOLAZINE	CYP3A4	PKI-1	fourth-tier
FLUVASTATIN	RANOLAZINE	CYP3A4	PKI-1	fourth-tier
LOVASTATIN	RANOLAZINE	CYP3A4	PKI-1	fourth-tier
SIMVASTATIN	RANOLAZINE	CYP3A4	PKI-1	fourth-tier
ATORVASTATIN	NEFAZODONE	CYP3A4	PKI-1	fourth-tier
FLUVASTATIN	NEFAZODONE	CYP3A4	PKI-1	fourth-tier
LOVASTATIN	NEFAZODONE	CYP3A4	PKI-1	fourth-tier
SIMVASTATIN	NEFAZODONE	CYP3A4	PKI-1	fourth-tier
ATORVASTATIN	KETOCONAZOLE	CYP3A4	PKI-1	fourth-tier
FLUVASTATIN	KETOCONAZOLE	CYP3A4	PKI-1	fourth-tier
LOVASTATIN	KETOCONAZOLE	CYP3A4	PKI-1	fourth-tier
SIMVASTATIN	KETOCONAZOLE	CYP3A4	PKI-1	fourth-tier
ATORVASTATIN	ITRACONAZOLE	CYP3A4	PKI-1	fourth-tier
FLUVASTATIN	ITRACONAZOLE	CYP3A4	PKI-1	fourth-tier
LOVASTATIN	ITRACONAZOLE	CYP3A4	PKI-1	fourth-tier
SIMVASTATIN	ITRACONAZOLE	CYP3A4	PKI-1	fourth-tier
ATORVASTATIN	INDINAVIR	CYP3A4	PKI-1	fourth-tier
FLUVASTATIN	INDINAVIR	CYP3A4	PKI-1	fourth-tier
LOVASTATIN	INDINAVIR	CYP3A4	PKI-1	fourth-tier
SIMVASTATIN	INDINAVIR	CYP3A4	PKI-1	fourth-tier
FLUVASTATIN	GEMFIBROZIL	CYP2C8	PKI-1	fourth-tier
FLUVASTATIN	FLUVOXAMINE	CYP2C9	PKI-1	fourth-tier
ATORVASTATIN	FLUCONAZOLE	CYP3A4	PKI-1	fourth-tier
FLUVASTATIN	FLUCONAZOLE	CYP3A4	PKI-1	fourth-tier
LOVASTATIN	FLUCONAZOLE	CYP3A4	PKI-1	fourth-tier
SIMVASTATIN	FLUCONAZOLE	CYP3A4	PKI-1	fourth-tier
FLUVASTATIN	FLUCONAZOLE	CYP2C9	PKI-1	fourth-tier
ATORVASTATIN	ERYTHROMYCIN	CYP3A4	PKI-1	fourth-tier
FLUVASTATIN	ERYTHROMYCIN	CYP3A4	PKI-1	fourth-tier
LOVASTATIN	ERYTHROMYCIN	CYP3A4	PKI-1	fourth-tier
SIMVASTATIN	ERYTHROMYCIN	CYP3A4	PKI-1	fourth-tier
ATORVASTATIN	DILTIAZEM	CYP3A4	PKI-1	fourth-tier
FLUVASTATIN	DILTIAZEM	CYP3A4	PKI-1	fourth-tier
LOVASTATIN	DILTIAZEM	CYP3A4	PKI-1	fourth-tier
SIMVASTATIN	DILTIAZEM	CYP3A4	PKI-1	fourth-tier
ATORVASTATIN	CLARITHROMYCIN	CYP3A4	PKI-1	fourth-tier
FLUVASTATIN	CLARITHROMYCIN	CYP3A4	PKI-1	fourth-tier
LOVASTATIN	CLARITHROMYCIN	CYP3A4	PKI-1	fourth-tier
SIMVASTATIN	CLARITHROMYCIN	CYP3A4	PKI-1	fourth-tier
ATORVASTATIN	CIMETIDINE	CYP3A4	PKI-1	fourth-tier
FLUVASTATIN	CIMETIDINE	CYP3A4	PKI-1	fourth-tier
LOVASTATIN	CIMETIDINE	CYP3A4	PKI-1	fourth-tier
SIMVASTATIN	CIMETIDINE	CYP3A4	PKI-1	fourth-tier
FLUVASTATIN	ATORVASTATIN	CYP3A4	PKI-1	fourth-tier
LOVASTATIN	ATORVASTATIN	CYP3A4	PKI-1	fourth-tier
SIMVASTATIN	ATORVASTATIN	CYP3A4	PKI-1	fourth-tier
ATORVASTATIN	ATAZANAVIR	CYP3A4	PKI-1	fourth-tier
FLUVASTATIN	ATAZANAVIR	CYP3A4	PKI-1	fourth-tier
LOVASTATIN	ATAZANAVIR	CYP3A4	PKI-1	fourth-tier
SIMVASTATIN	ATAZANAVIR	CYP3A4	PKI-1	fourth-tier
ATORVASTATIN	AMIODARONE	CYP3A4	PKI-1	fourth-tier
FLUVASTATIN	AMIODARONE	CYP3A4	PKI-1	fourth-tier
LOVASTATIN	AMIODARONE	CYP3A4	PKI-1	fourth-tier
SIMVASTATIN	AMIODARONE	CYP3A4	PKI-1	fourth-tier
FLUVASTATIN	AMIODARONE	CYP2C9	PKI-1	fourth-tier
ROSUVASTATIN	ZAFIRLUKAST	CYP2C9	PKI-1	fourth-tier
ROSUVASTATIN	VORICONAZOLE-N-OXIDE	CYP2C9	PKI-1	fourth-tier
ROSUVASTATIN	VORICONAZOLE	CYP2C9	PKI-1	fourth-tier
ROSUVASTATIN	TERIFLUNOMIDE	CYP2C9	PKI-1	fourth-tier
ROSUVASTATIN	FLUVOXAMINE	CYP2C9	PKI-1	fourth-tier
ROSUVASTATIN	FLUCONAZOLE	CYP2C9	PKI-1	fourth-tier
ROSUVASTATIN	AMIODARONE	CYP2C9	PKI-1	fourth-tier
ARIPIPRAZOLE	ZAFIRLUKAST	CYP3A4	PKI-1	fourth-tier
CLOZAPINE	ZAFIRLUKAST	CYP3A4	PKI-1	fourth-tier
ILOPERIDONE	ZAFIRLUKAST	CYP3A4	PKI-1	fourth-tier
RISPERIDONE	ZAFIRLUKAST	CYP3A4	PKI-1	fourth-tier
ZIPRASIDONE	ZAFIRLUKAST	CYP3A4	PKI-1	fourth-tier
ARIPIPRAZOLE	VORICONAZOLE-N-OXIDE	CYP3A4	PKI-1	fourth-tier
CLOZAPINE	VORICONAZOLE-N-OXIDE	CYP3A4	PKI-1	fourth-tier
ILOPERIDONE	VORICONAZOLE-N-OXIDE	CYP3A4	PKI-1	fourth-tier
RISPERIDONE	VORICONAZOLE-N-OXIDE	CYP3A4	PKI-1	fourth-tier
ZIPRASIDONE	VORICONAZOLE-N-OXIDE	CYP3A4	PKI-1	fourth-tier
ARIPIPRAZOLE	VORICONAZOLE	CYP3A4	PKI-1	fourth-tier
CLOZAPINE	VORICONAZOLE	CYP3A4	PKI-1	fourth-tier
ILOPERIDONE	VORICONAZOLE	CYP3A4	PKI-1	fourth-tier
RISPERIDONE	VORICONAZOLE	CYP3A4	PKI-1	fourth-tier
ZIPRASIDONE	VORICONAZOLE	CYP3A4	PKI-1	fourth-tier
ARIPIPRAZOLE	VERAPAMIL	CYP3A4	PKI-1	fourth-tier
CLOZAPINE	VERAPAMIL	CYP3A4	PKI-1	fourth-tier
ILOPERIDONE	VERAPAMIL	CYP3A4	PKI-1	fourth-tier
RISPERIDONE	VERAPAMIL	CYP3A4	PKI-1	fourth-tier
ZIPRASIDONE	VERAPAMIL	CYP3A4	PKI-1	fourth-tier
ARIPIPRAZOLE	VENLAFAXINE	CYP2D6	PKI-1	fourth-tier
CLOZAPINE	VENLAFAXINE	CYP2D6	PKI-1	fourth-tier
ILOPERIDONE	VENLAFAXINE	CYP2D6	PKI-1	fourth-tier
OLANZAPINE	VENLAFAXINE	CYP2D6	PKI-1	fourth-tier
RISPERIDONE	VENLAFAXINE	CYP2D6	PKI-1	fourth-tier
ARIPIPRAZOLE	TERBINAFINE	CYP2D6	PKI-1	fourth-tier
CLOZAPINE	TERBINAFINE	CYP2D6	PKI-1	fourth-tier
ILOPERIDONE	TERBINAFINE	CYP2D6	PKI-1	fourth-tier
OLANZAPINE	TERBINAFINE	CYP2D6	PKI-1	fourth-tier
RISPERIDONE	TERBINAFINE	CYP2D6	PKI-1	fourth-tier
ARIPIPRAZOLE	TELITHROMYCIN	CYP3A4	PKI-1	fourth-tier
CLOZAPINE	TELITHROMYCIN	CYP3A4	PKI-1	fourth-tier
ILOPERIDONE	TELITHROMYCIN	CYP3A4	PKI-1	fourth-tier
RISPERIDONE	TELITHROMYCIN	CYP3A4	PKI-1	fourth-tier
ZIPRASIDONE	TELITHROMYCIN	CYP3A4	PKI-1	fourth-tier
ARIPIPRAZOLE	SERTRALINE	CYP2D6	PKI-1	fourth-tier
CLOZAPINE	SERTRALINE	CYP2D6	PKI-1	fourth-tier
ILOPERIDONE	SERTRALINE	CYP2D6	PKI-1	fourth-tier
OLANZAPINE	SERTRALINE	CYP2D6	PKI-1	fourth-tier
RISPERIDONE	SERTRALINE	CYP2D6	PKI-1	fourth-tier
ARIPIPRAZOLE	RITONAVIR	CYP3A4	PKI-1	fourth-tier
CLOZAPINE	RITONAVIR	CYP3A4	PKI-1	fourth-tier
ILOPERIDONE	RITONAVIR	CYP3A4	PKI-1	fourth-tier
RISPERIDONE	RITONAVIR	CYP3A4	PKI-1	fourth-tier
ZIPRASIDONE	RITONAVIR	CYP3A4	PKI-1	fourth-tier
ARIPIPRAZOLE	RITONAVIR	CYP2D6	PKI-1	fourth-tier
CLOZAPINE	RITONAVIR	CYP2D6	PKI-1	fourth-tier
ILOPERIDONE	RITONAVIR	CYP2D6	PKI-1	fourth-tier
OLANZAPINE	RITONAVIR	CYP2D6	PKI-1	fourth-tier
RISPERIDONE	RITONAVIR	CYP2D6	PKI-1	fourth-tier
ARIPIPRAZOLE	RANOLAZINE	CYP3A4	PKI-1	fourth-tier
CLOZAPINE	RANOLAZINE	CYP3A4	PKI-1	fourth-tier
ILOPERIDONE	RANOLAZINE	CYP3A4	PKI-1	fourth-tier
RISPERIDONE	RANOLAZINE	CYP3A4	PKI-1	fourth-tier
ZIPRASIDONE	RANOLAZINE	CYP3A4	PKI-1	fourth-tier
ARIPIPRAZOLE	RANOLAZINE	CYP2D6	PKI-1	fourth-tier
CLOZAPINE	RANOLAZINE	CYP2D6	PKI-1	fourth-tier
ILOPERIDONE	RANOLAZINE	CYP2D6	PKI-1	fourth-tier
OLANZAPINE	RANOLAZINE	CYP2D6	PKI-1	fourth-tier
RISPERIDONE	RANOLAZINE	CYP2D6	PKI-1	fourth-tier
ARIPIPRAZOLE	QUINIDINE	CYP2D6	PKI-1	fourth-tier
CLOZAPINE	QUINIDINE	CYP2D6	PKI-1	fourth-tier
ILOPERIDONE	QUINIDINE	CYP2D6	PKI-1	fourth-tier
OLANZAPINE	QUINIDINE	CYP2D6	PKI-1	fourth-tier
RISPERIDONE	QUINIDINE	CYP2D6	PKI-1	fourth-tier
ARIPIPRAZOLE	PAROXETINE	CYP2D6	PKI-1	fourth-tier
CLOZAPINE	PAROXETINE	CYP2D6	PKI-1	fourth-tier
ILOPERIDONE	PAROXETINE	CYP2D6	PKI-1	fourth-tier
OLANZAPINE	PAROXETINE	CYP2D6	PKI-1	fourth-tier
RISPERIDONE	PAROXETINE	CYP2D6	PKI-1	fourth-tier
ARIPIPRAZOLE	NEFAZODONE	CYP3A4	PKI-1	fourth-tier
CLOZAPINE	NEFAZODONE	CYP3A4	PKI-1	fourth-tier
ILOPERIDONE	NEFAZODONE	CYP3A4	PKI-1	fourth-tier
RISPERIDONE	NEFAZODONE	CYP3A4	PKI-1	fourth-tier
ZIPRASIDONE	NEFAZODONE	CYP3A4	PKI-1	fourth-tier
ARIPIPRAZOLE	KETOCONAZOLE	CYP3A4	PKI-1	fourth-tier
CLOZAPINE	KETOCONAZOLE	CYP3A4	PKI-1	fourth-tier
ILOPERIDONE	KETOCONAZOLE	CYP3A4	PKI-1	fourth-tier
RISPERIDONE	KETOCONAZOLE	CYP3A4	PKI-1	fourth-tier
ZIPRASIDONE	KETOCONAZOLE	CYP3A4	PKI-1	fourth-tier
ARIPIPRAZOLE	ITRACONAZOLE	CYP3A4	PKI-1	fourth-tier
CLOZAPINE	ITRACONAZOLE	CYP3A4	PKI-1	fourth-tier
ILOPERIDONE	ITRACONAZOLE	CYP3A4	PKI-1	fourth-tier
RISPERIDONE	ITRACONAZOLE	CYP3A4	PKI-1	fourth-tier
ZIPRASIDONE	ITRACONAZOLE	CYP3A4	PKI-1	fourth-tier
ARIPIPRAZOLE	INDINAVIR	CYP3A4	PKI-1	fourth-tier
CLOZAPINE	INDINAVIR	CYP3A4	PKI-1	fourth-tier
ILOPERIDONE	INDINAVIR	CYP3A4	PKI-1	fourth-tier
RISPERIDONE	INDINAVIR	CYP3A4	PKI-1	fourth-tier
ZIPRASIDONE	INDINAVIR	CYP3A4	PKI-1	fourth-tier
ARIPIPRAZOLE	ILOPERIDONE	CYP2D6	PKI-1	fourth-tier
CLOZAPINE	ILOPERIDONE	CYP2D6	PKI-1	fourth-tier
OLANZAPINE	ILOPERIDONE	CYP2D6	PKI-1	fourth-tier
RISPERIDONE	ILOPERIDONE	CYP2D6	PKI-1	fourth-tier
ARIPIPRAZOLE	FLUOXETINE	CYP2D6	PKI-1	fourth-tier
CLOZAPINE	FLUOXETINE	CYP2D6	PKI-1	fourth-tier
ILOPERIDONE	FLUOXETINE	CYP2D6	PKI-1	fourth-tier
OLANZAPINE	FLUOXETINE	CYP2D6	PKI-1	fourth-tier
RISPERIDONE	FLUOXETINE	CYP2D6	PKI-1	fourth-tier
ARIPIPRAZOLE	FLUCONAZOLE	CYP3A4	PKI-1	fourth-tier
CLOZAPINE	FLUCONAZOLE	CYP3A4	PKI-1	fourth-tier
ILOPERIDONE	FLUCONAZOLE	CYP3A4	PKI-1	fourth-tier
RISPERIDONE	FLUCONAZOLE	CYP3A4	PKI-1	fourth-tier
ZIPRASIDONE	FLUCONAZOLE	CYP3A4	PKI-1	fourth-tier
ARIPIPRAZOLE	ERYTHROMYCIN	CYP3A4	PKI-1	fourth-tier
CLOZAPINE	ERYTHROMYCIN	CYP3A4	PKI-1	fourth-tier
ILOPERIDONE	ERYTHROMYCIN	CYP3A4	PKI-1	fourth-tier
RISPERIDONE	ERYTHROMYCIN	CYP3A4	PKI-1	fourth-tier
ZIPRASIDONE	ERYTHROMYCIN	CYP3A4	PKI-1	fourth-tier
ARIPIPRAZOLE	DULOXETINE	CYP2D6	PKI-1	fourth-tier
CLOZAPINE	DULOXETINE	CYP2D6	PKI-1	fourth-tier
ILOPERIDONE	DULOXETINE	CYP2D6	PKI-1	fourth-tier
OLANZAPINE	DULOXETINE	CYP2D6	PKI-1	fourth-tier
RISPERIDONE	DULOXETINE	CYP2D6	PKI-1	fourth-tier
ARIPIPRAZOLE	DILTIAZEM	CYP3A4	PKI-1	fourth-tier
CLOZAPINE	DILTIAZEM	CYP3A4	PKI-1	fourth-tier
ILOPERIDONE	DILTIAZEM	CYP3A4	PKI-1	fourth-tier
RISPERIDONE	DILTIAZEM	CYP3A4	PKI-1	fourth-tier
ZIPRASIDONE	DILTIAZEM	CYP3A4	PKI-1	fourth-tier
ARIPIPRAZOLE	CLARITHROMYCIN	CYP3A4	PKI-1	fourth-tier
CLOZAPINE	CLARITHROMYCIN	CYP3A4	PKI-1	fourth-tier
ILOPERIDONE	CLARITHROMYCIN	CYP3A4	PKI-1	fourth-tier
RISPERIDONE	CLARITHROMYCIN	CYP3A4	PKI-1	fourth-tier
ZIPRASIDONE	CLARITHROMYCIN	CYP3A4	PKI-1	fourth-tier
ARIPIPRAZOLE	CINACALCET	CYP2D6	PKI-1	fourth-tier
CLOZAPINE	CINACALCET	CYP2D6	PKI-1	fourth-tier
ILOPERIDONE	CINACALCET	CYP2D6	PKI-1	fourth-tier
OLANZAPINE	CINACALCET	CYP2D6	PKI-1	fourth-tier
RISPERIDONE	CINACALCET	CYP2D6	PKI-1	fourth-tier
ARIPIPRAZOLE	CIMETIDINE	CYP3A4	PKI-1	fourth-tier
CLOZAPINE	CIMETIDINE	CYP3A4	PKI-1	fourth-tier
ILOPERIDONE	CIMETIDINE	CYP3A4	PKI-1	fourth-tier
RISPERIDONE	CIMETIDINE	CYP3A4	PKI-1	fourth-tier
ZIPRASIDONE	CIMETIDINE	CYP3A4	PKI-1	fourth-tier
ARIPIPRAZOLE	BUPROPION	CYP2D6	PKI-1	fourth-tier
CLOZAPINE	BUPROPION	CYP2D6	PKI-1	fourth-tier
ILOPERIDONE	BUPROPION	CYP2D6	PKI-1	fourth-tier
OLANZAPINE	BUPROPION	CYP2D6	PKI-1	fourth-tier
RISPERIDONE	BUPROPION	CYP2D6	PKI-1	fourth-tier
ARIPIPRAZOLE	ATORVASTATIN	CYP3A4	PKI-1	fourth-tier
CLOZAPINE	ATORVASTATIN	CYP3A4	PKI-1	fourth-tier
ILOPERIDONE	ATORVASTATIN	CYP3A4	PKI-1	fourth-tier
RISPERIDONE	ATORVASTATIN	CYP3A4	PKI-1	fourth-tier
ZIPRASIDONE	ATORVASTATIN	CYP3A4	PKI-1	fourth-tier
ARIPIPRAZOLE	ATAZANAVIR	CYP3A4	PKI-1	fourth-tier
CLOZAPINE	ATAZANAVIR	CYP3A4	PKI-1	fourth-tier
ILOPERIDONE	ATAZANAVIR	CYP3A4	PKI-1	fourth-tier
RISPERIDONE	ATAZANAVIR	CYP3A4	PKI-1	fourth-tier
ZIPRASIDONE	ATAZANAVIR	CYP3A4	PKI-1	fourth-tier
ARIPIPRAZOLE	AMIODARONE	CYP3A4	PKI-1	fourth-tier
CLOZAPINE	AMIODARONE	CYP3A4	PKI-1	fourth-tier
ILOPERIDONE	AMIODARONE	CYP3A4	PKI-1	fourth-tier
RISPERIDONE	AMIODARONE	CYP3A4	PKI-1	fourth-tier
ZIPRASIDONE	AMIODARONE	CYP3A4	PKI-1	fourth-tier
ARIPIPRAZOLE	AMIODARONE	CYP2D6	PKI-1	fourth-tier
CLOZAPINE	AMIODARONE	CYP2D6	PKI-1	fourth-tier
ILOPERIDONE	AMIODARONE	CYP2D6	PKI-1	fourth-tier
OLANZAPINE	AMIODARONE	CYP2D6	PKI-1	fourth-tier
RISPERIDONE	AMIODARONE	CYP2D6	PKI-1	fourth-tier
HALOPERIDOL	ZAFIRLUKAST	CYP3A4	PKI-1	fourth-tier
PERPHENAZINE	ZAFIRLUKAST	CYP3A4	PKI-1	fourth-tier
REDUCED-HALOPERIDOL	ZAFIRLUKAST	CYP3A4	PKI-1	fourth-tier
HALOPERIDOL	VORICONAZOLE-N-OXIDE	CYP3A4	PKI-1	fourth-tier
PERPHENAZINE	VORICONAZOLE-N-OXIDE	CYP3A4	PKI-1	fourth-tier
REDUCED-HALOPERIDOL	VORICONAZOLE-N-OXIDE	CYP3A4	PKI-1	fourth-tier
HALOPERIDOL	VORICONAZOLE	CYP3A4	PKI-1	fourth-tier
PERPHENAZINE	VORICONAZOLE	CYP3A4	PKI-1	fourth-tier
REDUCED-HALOPERIDOL	VORICONAZOLE	CYP3A4	PKI-1	fourth-tier
HALOPERIDOL	VERAPAMIL	CYP3A4	PKI-1	fourth-tier
PERPHENAZINE	VERAPAMIL	CYP3A4	PKI-1	fourth-tier
REDUCED-HALOPERIDOL	VERAPAMIL	CYP3A4	PKI-1	fourth-tier
PERPHENAZINE	VERAPAMIL	CYP1A2	PKI-1	fourth-tier
PERPHENAZINE	VENLAFAXINE	CYP2D6	PKI-1	fourth-tier
THIORIDAZINE	VENLAFAXINE	CYP2D6	PKI-1	fourth-tier
PERPHENAZINE	TERBINAFINE	CYP2D6	PKI-1	fourth-tier
THIORIDAZINE	TERBINAFINE	CYP2D6	PKI-1	fourth-tier
HALOPERIDOL	TELITHROMYCIN	CYP3A4	PKI-1	fourth-tier
PERPHENAZINE	TELITHROMYCIN	CYP3A4	PKI-1	fourth-tier
REDUCED-HALOPERIDOL	TELITHROMYCIN	CYP3A4	PKI-1	fourth-tier
PERPHENAZINE	SERTRALINE	CYP2D6	PKI-1	fourth-tier
THIORIDAZINE	SERTRALINE	CYP2D6	PKI-1	fourth-tier
HALOPERIDOL	RITONAVIR	CYP3A4	PKI-1	fourth-tier
PERPHENAZINE	RITONAVIR	CYP3A4	PKI-1	fourth-tier
REDUCED-HALOPERIDOL	RITONAVIR	CYP3A4	PKI-1	fourth-tier
PERPHENAZINE	RITONAVIR	CYP2D6	PKI-1	fourth-tier
THIORIDAZINE	RITONAVIR	CYP2D6	PKI-1	fourth-tier
HALOPERIDOL	RANOLAZINE	CYP3A4	PKI-1	fourth-tier
PERPHENAZINE	RANOLAZINE	CYP3A4	PKI-1	fourth-tier
REDUCED-HALOPERIDOL	RANOLAZINE	CYP3A4	PKI-1	fourth-tier
PERPHENAZINE	RANOLAZINE	CYP2D6	PKI-1	fourth-tier
THIORIDAZINE	RANOLAZINE	CYP2D6	PKI-1	fourth-tier
PERPHENAZINE	QUINIDINE	CYP2D6	PKI-1	fourth-tier
THIORIDAZINE	QUINIDINE	CYP2D6	PKI-1	fourth-tier
PERPHENAZINE	PROPAFENONE	CYP1A2	PKI-1	fourth-tier
PERPHENAZINE	PAROXETINE	CYP2D6	PKI-1	fourth-tier
THIORIDAZINE	PAROXETINE	CYP2D6	PKI-1	fourth-tier
PERPHENAZINE	NORFLOXACIN	CYP1A2	PKI-1	fourth-tier
HALOPERIDOL	NEFAZODONE	CYP3A4	PKI-1	fourth-tier
PERPHENAZINE	NEFAZODONE	CYP3A4	PKI-1	fourth-tier
REDUCED-HALOPERIDOL	NEFAZODONE	CYP3A4	PKI-1	fourth-tier
PERPHENAZINE	MEXILETINE	CYP1A2	PKI-1	fourth-tier
HALOPERIDOL	KETOCONAZOLE	CYP3A4	PKI-1	fourth-tier
PERPHENAZINE	KETOCONAZOLE	CYP3A4	PKI-1	fourth-tier
REDUCED-HALOPERIDOL	KETOCONAZOLE	CYP3A4	PKI-1	fourth-tier
HALOPERIDOL	ITRACONAZOLE	CYP3A4	PKI-1	fourth-tier
PERPHENAZINE	ITRACONAZOLE	CYP3A4	PKI-1	fourth-tier
REDUCED-HALOPERIDOL	ITRACONAZOLE	CYP3A4	PKI-1	fourth-tier
HALOPERIDOL	INDINAVIR	CYP3A4	PKI-1	fourth-tier
PERPHENAZINE	INDINAVIR	CYP3A4	PKI-1	fourth-tier
REDUCED-HALOPERIDOL	INDINAVIR	CYP3A4	PKI-1	fourth-tier
PERPHENAZINE	ILOPERIDONE	CYP2D6	PKI-1	fourth-tier
THIORIDAZINE	ILOPERIDONE	CYP2D6	PKI-1	fourth-tier
PERPHENAZINE	FLUVOXAMINE	CYP1A2	PKI-1	fourth-tier
PERPHENAZINE	FLUOXETINE	CYP2D6	PKI-1	fourth-tier
THIORIDAZINE	FLUOXETINE	CYP2D6	PKI-1	fourth-tier
HALOPERIDOL	FLUCONAZOLE	CYP3A4	PKI-1	fourth-tier
PERPHENAZINE	FLUCONAZOLE	CYP3A4	PKI-1	fourth-tier
REDUCED-HALOPERIDOL	FLUCONAZOLE	CYP3A4	PKI-1	fourth-tier
HALOPERIDOL	ERYTHROMYCIN	CYP3A4	PKI-1	fourth-tier
PERPHENAZINE	ERYTHROMYCIN	CYP3A4	PKI-1	fourth-tier
REDUCED-HALOPERIDOL	ERYTHROMYCIN	CYP3A4	PKI-1	fourth-tier
PERPHENAZINE	DULOXETINE	CYP2D6	PKI-1	fourth-tier
THIORIDAZINE	DULOXETINE	CYP2D6	PKI-1	fourth-tier
HALOPERIDOL	DILTIAZEM	CYP3A4	PKI-1	fourth-tier
PERPHENAZINE	DILTIAZEM	CYP3A4	PKI-1	fourth-tier
REDUCED-HALOPERIDOL	DILTIAZEM	CYP3A4	PKI-1	fourth-tier
HALOPERIDOL	CLARITHROMYCIN	CYP3A4	PKI-1	fourth-tier
PERPHENAZINE	CLARITHROMYCIN	CYP3A4	PKI-1	fourth-tier
REDUCED-HALOPERIDOL	CLARITHROMYCIN	CYP3A4	PKI-1	fourth-tier
PERPHENAZINE	CIPROFLOXACIN	CYP1A2	PKI-1	fourth-tier
PERPHENAZINE	CINACALCET	CYP2D6	PKI-1	fourth-tier
THIORIDAZINE	CINACALCET	CYP2D6	PKI-1	fourth-tier
HALOPERIDOL	CIMETIDINE	CYP3A4	PKI-1	fourth-tier
PERPHENAZINE	CIMETIDINE	CYP3A4	PKI-1	fourth-tier
REDUCED-HALOPERIDOL	CIMETIDINE	CYP3A4	PKI-1	fourth-tier
PERPHENAZINE	CIMETIDINE	CYP1A2	PKI-1	fourth-tier
PERPHENAZINE	BUPROPION	CYP2D6	PKI-1	fourth-tier
THIORIDAZINE	BUPROPION	CYP2D6	PKI-1	fourth-tier
HALOPERIDOL	ATORVASTATIN	CYP3A4	PKI-1	fourth-tier
PERPHENAZINE	ATORVASTATIN	CYP3A4	PKI-1	fourth-tier
REDUCED-HALOPERIDOL	ATORVASTATIN	CYP3A4	PKI-1	fourth-tier
HALOPERIDOL	ATAZANAVIR	CYP3A4	PKI-1	fourth-tier
PERPHENAZINE	ATAZANAVIR	CYP3A4	PKI-1	fourth-tier
REDUCED-HALOPERIDOL	ATAZANAVIR	CYP3A4	PKI-1	fourth-tier
HALOPERIDOL	AMIODARONE	CYP3A4	PKI-1	fourth-tier
PERPHENAZINE	AMIODARONE	CYP3A4	PKI-1	fourth-tier
REDUCED-HALOPERIDOL	AMIODARONE	CYP3A4	PKI-1	fourth-tier
PERPHENAZINE	AMIODARONE	CYP2D6	PKI-1	fourth-tier
THIORIDAZINE	AMIODARONE	CYP2D6	PKI-1	fourth-tier
PERPHENAZINE	AMIODARONE	CYP1A2	PKI-1	fourth-tier
ALPRAZOLAM	ZAFIRLUKAST	CYP3A4	PKI-1	fourth-tier
ALPRAZOLAM	VORICONAZOLE-N-OXIDE	CYP3A4	PKI-1	fourth-tier
ALPRAZOLAM	VORICONAZOLE	CYP3A4	PKI-1	fourth-tier
ALPRAZOLAM	VERAPAMIL	CYP3A5	PKI-1	fourth-tier
ALPRAZOLAM	VERAPAMIL	CYP3A4	PKI-1	fourth-tier
ALPRAZOLAM	TELITHROMYCIN	CYP3A5	PKI-1	fourth-tier
ALPRAZOLAM	TELITHROMYCIN	CYP3A4	PKI-1	fourth-tier
ALPRAZOLAM	RITONAVIR	CYP3A5	PKI-1	fourth-tier
ALPRAZOLAM	RITONAVIR	CYP3A4	PKI-1	fourth-tier
ALPRAZOLAM	RANOLAZINE	CYP3A5	PKI-1	fourth-tier
ALPRAZOLAM	RANOLAZINE	CYP3A4	PKI-1	fourth-tier
ALPRAZOLAM	NEFAZODONE	CYP3A5	PKI-1	fourth-tier
ALPRAZOLAM	NEFAZODONE	CYP3A4	PKI-1	fourth-tier
ALPRAZOLAM	KETOCONAZOLE	CYP3A4	PKI-1	fourth-tier
ALPRAZOLAM	ITRACONAZOLE	CYP3A4	PKI-1	fourth-tier
ALPRAZOLAM	INDINAVIR	CYP3A5	PKI-1	fourth-tier
ALPRAZOLAM	INDINAVIR	CYP3A4	PKI-1	fourth-tier
ALPRAZOLAM	FLUCONAZOLE	CYP3A5	PKI-1	fourth-tier
ALPRAZOLAM	FLUCONAZOLE	CYP3A4	PKI-1	fourth-tier
ALPRAZOLAM	ERYTHROMYCIN	CYP3A4	PKI-1	fourth-tier
TRIAZOLAM	ZAFIRLUKAST	CYP3A4	PKI-1	fourth-tier
TRIAZOLAM	VORICONAZOLE-N-OXIDE	CYP3A4	PKI-1	fourth-tier
TRIAZOLAM	VORICONAZOLE	CYP3A4	PKI-1	fourth-tier
TRIAZOLAM	VERAPAMIL	CYP3A4	PKI-1	fourth-tier
TRIAZOLAM	TELITHROMYCIN	CYP3A4	PKI-1	fourth-tier
TRIAZOLAM	RITONAVIR	CYP3A4	PKI-1	fourth-tier
TRIAZOLAM	RANOLAZINE	CYP3A4	PKI-1	fourth-tier
TRIAZOLAM	NEFAZODONE	CYP3A4	PKI-1	fourth-tier
TRIAZOLAM	KETOCONAZOLE	CYP3A4	PKI-1	fourth-tier
TRIAZOLAM	ITRACONAZOLE	CYP3A4	PKI-1	fourth-tier
TRIAZOLAM	INDINAVIR	CYP3A4	PKI-1	fourth-tier
TRIAZOLAM	FLUCONAZOLE	CYP3A4	PKI-1	fourth-tier
TRIAZOLAM	ERYTHROMYCIN	CYP3A4	PKI-1	fourth-tier
ALPRAZOLAM	DILTIAZEM	CYP3A4	PKI-1	fourth-tier
TRIAZOLAM	DILTIAZEM	CYP3A4	PKI-1	fourth-tier
ALPRAZOLAM	CLARITHROMYCIN	CYP3A5	PKI-1	fourth-tier
ALPRAZOLAM	CLARITHROMYCIN	CYP3A4	PKI-1	fourth-tier
TRIAZOLAM	CLARITHROMYCIN	CYP3A4	PKI-1	fourth-tier
ALPRAZOLAM	CIMETIDINE	CYP3A5	PKI-1	fourth-tier
ALPRAZOLAM	CIMETIDINE	CYP3A4	PKI-1	fourth-tier
TRIAZOLAM	CIMETIDINE	CYP3A4	PKI-1	fourth-tier
ALPRAZOLAM	ATORVASTATIN	CYP3A4	PKI-1	fourth-tier
TRIAZOLAM	ATORVASTATIN	CYP3A4	PKI-1	fourth-tier
ALPRAZOLAM	ATAZANAVIR	CYP3A5	PKI-1	fourth-tier
ALPRAZOLAM	ATAZANAVIR	CYP3A4	PKI-1	fourth-tier
TRIAZOLAM	ATAZANAVIR	CYP3A4	PKI-1	fourth-tier
ALPRAZOLAM	AMIODARONE	CYP3A4	PKI-1	fourth-tier
TRIAZOLAM	AMIODARONE	CYP3A4	PKI-1	fourth-tier
